{"cameraMode":{"drawMode":0,"name":"Shaded","section":"Shading Mode"},"sceneLighting":false,"audioPlay":false,"sceneViewState":{"showFog":true,"showMaterialUpdate":false,"showSkybox":false,"showFlares":true,"showImageEffects":true,"showParticleSystems":true},"in2DMode":false,"pivot":{"x":-9.2601318359375,"y":1.134122371673584,"z":0.22168660163879395},"rotation":{"x":0.048437584191560748,"y":-0.7495816946029663,"z":0.055193644016981128,"w":0.6578277945518494},"size":4.0119547843933109,"orthographic":true}